timestamp,session_id,symbol,side,quantity,price,pnl,holding_duration,emergency,Date,Close,High,Low,Open,Volume,SMA50,EMA20,ADX_14,RSI,ATR,ATR_Rolling_Mean,market_regime,position_value,size_deviation,is_loss,last_loss_time,post_loss_hours,trade_freq_7d,early_exit,revenge_score,emotional_score,emotional_state,gmm_cluster,hmm_state,anomaly_flag,cluster_name
2026-04-06 09:32:30,341d4e1a-7133-4182-a32a-11d9934759aa,STAR,SELL,1,977.75,6.5999755859375,30.0,0,2026-04-06,981.0499877929688,992.5,964.5,971.9500122070312,217388,876.7769982910156,919.1656868983906,27.436782939585104,72.18028624483655,33.96936017125005,31.268655923525905,trending_bullish,977.75,0.0,0,0,0.0,1.0,0,0.0,0.0,calm,2,2,0,balanced_tactical
2026-04-06 09:32:30,341d4e1a-7133-4182-a32a-11d9934759aa,STAR,SELL,12,977.75,79.19970703125,30.0,0,2026-04-06,981.0499877929688,992.5,964.5,971.9500122070312,217388,876.7769982910156,919.1656868983906,27.436782939585104,72.18028624483655,33.96936017125005,31.268655923525905,trending_bullish,11733.0,0.7071067811865475,0,0,0.0,2.0,0,0.17677669529663687,0.17677669529663687,calm,2,2,0,balanced_tactical
2026-04-06 09:32:30,341d4e1a-7133-4182-a32a-11d9934759aa,STAR,SELL,12,977.75,79.19970703125,30.0,0,2026-04-06,981.0499877929688,992.5,964.5,971.9500122070312,217388,876.7769982910156,919.1656868983906,27.436782939585104,72.18028624483655,33.96936017125005,31.268655923525905,trending_bullish,11733.0,0.5773502691896256,0,0,0.0,3.0,0,0.1443375672974064,0.1443375672974064,calm,2,2,0,balanced_tactical
2026-04-06 09:32:30,341d4e1a-7133-4182-a32a-11d9934759aa,STAR,SELL,2,977.75,13.199951171875,30.0,0,2026-04-06,981.0499877929688,992.5,964.5,971.9500122070312,217388,876.7769982910156,919.1656868983906,27.436782939585104,72.18028624483655,33.96936017125005,31.268655923525905,trending_bullish,1955.5,-0.7817760644189742,0,0,0.0,4.0,0,0.19544401610474355,0.19544401610474355,calm,2,2,0,balanced_tactical
2026-04-06 09:32:38,341d4e1a-7133-4182-a32a-11d9934759aa,SPAL,SELL,10,716.1,-10.500244140624773,30.0,0,2026-04-06,735.9500122070312,740.0,704.9500122070312,717.1500244140625,18190,703.737001953125,708.719214983458,9.60107744186655,57.32893096580506,31.174861496401654,33.44340325730333,normal,7161.0,0.08715898551184745,1,0,0.0,5.0,0,0.021789746377961862,0.021789746377961862,calm,2,2,0,balanced_tactical
2026-04-06 09:32:38,341d4e1a-7133-4182-a32a-11d9934759aa,SPAL,SELL,12,716.35,-9.600292968749727,30.0,0,2026-04-06,735.9500122070312,740.0,704.9500122070312,717.1500244140625,18190,703.737001953125,708.719214983458,9.60107744186655,57.32893096580506,31.174861496401654,33.44340325730333,normal,8596.2,0.3361500890147049,1,2026-04-06 09:32:38,0.0,6.0,0,0.5840375222536762,0.28403752225367623,calm,2,2,0,balanced_tactical
2026-04-06 09:32:38,341d4e1a-7133-4182-a32a-11d9934759aa,SPAL,SELL,5,716.05,-5.500122070312727,30.0,0,2026-04-06,735.9500122070312,740.0,704.9500122070312,717.1500244140625,18190,703.737001953125,708.719214983458,9.60107744186655,57.32893096580506,31.174861496401654,33.44340325730333,normal,3580.25,-0.6624711595575626,1,2026-04-06 09:32:38,0.0,7.0,0,0.6656177898893907,0.3656177898893907,anxious,2,2,0,balanced_tactical
2026-04-06 09:32:38,341d4e1a-7133-4182-a32a-11d9934759aa,SPAL,SELL,7,716.65,-3.500170898437659,30.0,0,2026-04-06,735.9500122070312,740.0,704.9500122070312,717.1500244140625,18190,703.737001953125,708.719214983458,9.60107744186655,57.32893096580506,31.174861496401654,33.44340325730333,normal,5016.55,-0.31895272735068886,1,2026-04-06 09:32:38,0.0,8.0,0,0.5797381818376722,0.27973818183767224,calm,2,2,0,balanced_tactical
2026-04-06 09:33:03,341d4e1a-7133-4182-a32a-11d9934759aa,FLAIR,SELL,18,291.55,-80.0999999999998,30.0,0,2026-04-06,297.1000061035156,298.0,290.29998779296875,291.5,27958,305.8465850830078,298.7142249845684,25.666782338491316,47.35211800659752,13.243075912250692,12.563397373345959,normal,5247.900000000001,-0.24917717699227318,1,2026-04-06 09:32:38,0.006944444444444444,9.0,0,0.5621496183221424,0.26223642387769797,calm,2,2,0,balanced_tactical
2026-04-06 09:33:03,341d4e1a-7133-4182-a32a-11d9934759aa,FLAIR,SELL,31,291.6,-136.3999999999993,30.0,0,2026-04-06,297.1000061035156,298.0,290.29998779296875,291.5,27958,305.8465850830078,298.7142249845684,25.666782338491316,47.35211800659752,13.243075912250692,12.563397373345959,normal,9039.6,0.6684532475663397,1,2026-04-06 09:33:03,0.0,10.0,0,0.667113311891585,0.3671133118915849,anxious,2,0,0,balanced_tactical
2026-04-06 09:33:03,341d4e1a-7133-4182-a32a-11d9934759aa,FLAIR,SELL,37,291.5,-166.5,30.0,0,2026-04-06,297.1000061035156,298.0,290.29998779296875,291.5,27958,305.8465850830078,298.7142249845684,25.666782338491316,47.35211800659752,13.243075912250692,12.563397373345959,normal,10785.5,1.018099053199246,1,2026-04-06 09:33:03,0.0,11.0,0,0.7545247632998116,0.4545247632998115,anxious,2,0,0,balanced_tactical
2026-04-09 10:42:57,341d4e1a-7133-4182-a32a-11d9934759aa,BANSWRAS,SELL,15,109.01,69.74999084472664,30.0,0,2026-04-09,106.51000213623047,110.38999938964844,106.19999694824219,108.01000213623047,13827,110.6384001159668,106.74694618924691,22.635656015518606,48.542453286704855,5.821682366289776,5.627923982688985,normal,1635.15,-1.220704398942921,0,2026-04-06 09:33:03,73.165,12.0,0,0.30517609973573023,0.30517609973573023,calm,0,2,0,balanced_tactical
2026-04-09 10:42:57,341d4e1a-7133-4182-a32a-11d9934759aa,BANSWRAS,SELL,11,109.0,51.03999328613281,30.0,0,2026-04-09,106.51000213623047,110.38999938964844,106.19999694824219,108.01000213623047,13827,110.6384001159668,106.74694618924691,22.635656015518606,48.542453286704855,5.821682366289776,5.627923982688985,normal,1199.0,-1.1974586271309045,0,2026-04-06 09:33:03,73.165,13.0,0,0.2993646567827261,0.2993646567827261,calm,0,2,0,balanced_tactical
2026-04-09 10:42:57,341d4e1a-7133-4182-a32a-11d9934759aa,BANSWRAS,SELL,13,109.01,60.449992065429754,30.0,0,2026-04-09,106.51000213623047,110.38999938964844,106.19999694824219,108.01000213623047,13827,110.6384001159668,106.74694618924691,22.635656015518606,48.542453286704855,5.821682366289776,5.627923982688985,normal,1417.13,-1.0532831165587122,0,2026-04-06 09:33:03,73.165,14.0,0,0.26332077913967805,0.26332077913967805,calm,0,2,0,balanced_tactical
2026-04-09 10:42:57,341d4e1a-7133-4182-a32a-11d9934759aa,BANSWRAS,SELL,15,109.01,69.74999084472664,30.0,0,2026-04-09,106.51000213623047,110.38999938964844,106.19999694824219,108.01000213623047,13827,110.6384001159668,106.74694618924691,22.635656015518606,48.542453286704855,5.821682366289776,5.627923982688985,normal,1635.15,-0.9354872713085117,0,2026-04-06 09:33:03,73.165,15.0,0,0.23387181782712793,0.2338718178271279,calm,0,2,0,balanced_tactical
2026-04-09 10:42:57,341d4e1a-7133-4182-a32a-11d9934759aa,BANSWRAS,SELL,15,109.01,69.74999084472664,30.0,0,2026-04-09,106.51000213623047,110.38999938964844,106.19999694824219,108.01000213623047,13827,110.6384001159668,106.74694618924691,22.635656015518606,48.542453286704855,5.821682366289776,5.627923982688985,normal,1635.15,-0.8823161605665001,0,2026-04-06 09:33:03,73.165,16.0,0,0.22057904014162502,0.22057904014162505,calm,0,2,0,balanced_tactical
2026-04-09 10:42:57,341d4e1a-7133-4182-a32a-11d9934759aa,BANSWRAS,SELL,15,109.01,69.74999084472664,30.0,0,2026-04-09,106.51000213623047,110.38999938964844,106.19999694824219,108.01000213623047,13827,110.6384001159668,106.74694618924691,22.635656015518606,48.542453286704855,5.821682366289776,5.627923982688985,normal,1635.15,-0.837440212055492,0,2026-04-06 09:33:03,73.165,17.0,0,0.209360053013873,0.209360053013873,calm,0,2,0,balanced_tactical
2026-04-09 10:42:57,341d4e1a-7133-4182-a32a-11d9934759aa,BANSWRAS,SELL,15,109.02,69.8999908447265,30.0,0,2026-04-09,106.51000213623047,110.38999938964844,106.19999694824219,108.01000213623047,13827,110.6384001159668,106.74694618924691,22.635656015518606,48.542453286704855,5.821682366289776,5.627923982688985,normal,1635.3,-0.7988551411913865,0,2026-04-06 09:33:03,73.165,18.0,0,0.1997137852978466,0.1997137852978466,calm,0,2,0,balanced_tactical
2026-04-09 10:42:57,341d4e1a-7133-4182-a32a-11d9934759aa,BANSWRAS,SELL,18,109.01,83.69998901367197,30.0,0,2026-04-09,106.51000213623047,110.38999938964844,106.19999694824219,108.01000213623047,13827,110.6384001159668,106.74694618924691,22.635656015518606,48.542453286704855,5.821682366289776,5.627923982688985,normal,1962.18,-0.6888333155946467,0,2026-04-06 09:33:03,73.165,19.0,0,0.17220832889866167,0.17220832889866167,calm,0,2,0,balanced_tactical
2026-04-09 10:42:57,341d4e1a-7133-4182-a32a-11d9934759aa,BANSWRAS,SELL,20,109.01,92.99998779296885,30.0,0,2026-04-09,106.51000213623047,110.38999938964844,106.19999694824219,108.01000213623047,13827,110.6384001159668,106.74694618924691,22.635656015518606,48.542453286704855,5.821682366289776,5.627923982688985,normal,2180.2000000000003,-0.6115963354898644,0,2026-04-06 09:33:03,73.165,20.0,0,0.1528990838724661,0.1528990838724661,calm,0,2,0,balanced_tactical
2026-04-09 10:42:57,341d4e1a-7133-4182-a32a-11d9934759aa,BANSWRAS,SELL,20,109.01,92.99998779296885,30.0,0,2026-04-09,106.51000213623047,110.38999938964844,106.19999694824219,108.01000213623047,13827,110.6384001159668,106.74694618924691,22.635656015518606,48.542453286704855,5.821682366289776,5.627923982688985,normal,2180.2000000000003,-0.6353300729164223,0,2026-04-06 09:33:03,73.165,21.0,0,0.15883251822910557,0.15883251822910557,calm,0,2,0,balanced_tactical
2026-04-09 10:42:57,341d4e1a-7133-4182-a32a-11d9934759aa,BANSWRAS,SELL,20,109.01,92.99998779296885,30.0,0,2026-04-09,106.51000213623047,110.38999938964844,106.19999694824219,108.01000213623047,13827,110.6384001159668,106.74694618924691,22.635656015518606,48.542453286704855,5.821682366289776,5.627923982688985,normal,2180.2000000000003,-0.5631178143827981,0,2026-04-06 09:33:03,73.165,22.0,0,0.14077945359569952,0.14077945359569952,calm,0,2,0,balanced_tactical
2026-04-09 10:42:57,341d4e1a-7133-4182-a32a-11d9934759aa,BANSWRAS,SELL,6,109.03,28.019996337890632,30.0,0,2026-04-09,106.51000213623047,110.38999938964844,106.19999694824219,108.01000213623047,13827,110.6384001159668,106.74694618924691,22.635656015518606,48.542453286704855,5.821682366289776,5.627923982688985,normal,654.1800000000001,-0.9637560024488689,0,2026-04-06 09:33:03,73.165,23.0,0,0.24093900061221724,0.24093900061221724,calm,0,2,0,balanced_tactical
2026-04-09 10:42:57,341d4e1a-7133-4182-a32a-11d9934759aa,BANSWRAS,SELL,6,109.01,27.899996337890656,30.0,0,2026-04-09,106.51000213623047,110.38999938964844,106.19999694824219,108.01000213623047,13827,110.6384001159668,106.74694618924691,22.635656015518606,48.542453286704855,5.821682366289776,5.627923982688985,normal,654.0600000000001,-0.9268912064367644,0,2026-04-06 09:33:03,73.165,24.0,0,0.2317228016091911,0.23172280160919112,calm,0,2,0,balanced_tactical
2026-04-09 10:42:57,341d4e1a-7133-4182-a32a-11d9934759aa,BANSWRAS,SELL,20,109.01,92.99998779296885,30.0,0,2026-04-09,106.51000213623047,110.38999938964844,106.19999694824219,108.01000213623047,13827,110.6384001159668,106.74694618924691,22.635656015518606,48.542453286704855,5.821682366289776,5.627923982688985,normal,2180.2000000000003,-0.362301213619461,0,2026-04-06 09:33:03,73.165,25.0,0,0.09057530340486525,0.09057530340486525,calm,0,2,0,balanced_tactical
2026-04-09 10:43:22,341d4e1a-7133-4182-a32a-11d9934759aa,MVGJL,SELL,133,165.36,1566.7397564697285,30.0,0,2026-04-09,166.17999267578125,169.6999969482422,163.17999267578125,167.97999572753906,76483,159.11480041503907,151.31390896873225,27.703240127271695,63.3530135342185,7.70135486180773,6.72394520683171,normal,21992.88,3.5948758852952536,0,2026-04-06 09:33:03,73.17194444444445,26.0,0,0.5,0.5,anxious,1,1,1,reactive_emotional
2026-04-09 10:43:35,341d4e1a-7133-4182-a32a-11d9934759aa,SHARDAMOTR,SELL,4,819.9,239.9999023437499,30.0,0,2026-04-09,822.75,839.7000122070312,801.2000122070312,818.7999877929688,69362,853.6499975585938,790.3111643307001,22.797251686648053,53.18200537579953,40.063643962160555,38.15877290798886,normal,3279.6,-0.12482659395264951,0,2026-04-06 09:33:03,73.17555555555556,27.0,0,0.03120664848816238,0.03120664848816238,calm,0,2,0,balanced_tactical
2026-04-09 10:43:35,341d4e1a-7133-4182-a32a-11d9934759aa,SHARDAMOTR,SELL,2,819.75,119.699951171875,30.0,0,2026-04-09,822.75,839.7000122070312,801.2000122070312,818.7999877929688,69362,853.6499975585938,790.3111643307001,22.797251686648053,53.18200537579953,40.063643962160555,38.15877290798886,normal,1639.5,-0.41597630255993584,0,2026-04-06 09:33:03,73.17555555555556,28.0,0,0.10399407563998396,0.10399407563998396,calm,0,2,0,balanced_tactical
2026-04-09 10:43:35,341d4e1a-7133-4182-a32a-11d9934759aa,SHARDAMOTR,SELL,2,819.8,119.79995117187491,30.0,0,2026-04-09,822.75,839.7000122070312,801.2000122070312,818.7999877929688,69362,853.6499975585938,790.3111643307001,22.797251686648053,53.18200537579953,40.063643962160555,38.15877290798886,normal,1639.6,-0.3796221193918291,0,2026-04-06 09:33:03,73.17555555555556,29.0,0,0.09490552984795728,0.09490552984795728,calm,0,2,0,balanced_tactical
2026-04-09 10:43:35,341d4e1a-7133-4182-a32a-11d9934759aa,SHARDAMOTR,SELL,7,819.85,419.64982910156266,30.0,0,2026-04-09,822.75,839.7000122070312,801.2000122070312,818.7999877929688,69362,853.6499975585938,790.3111643307001,22.797251686648053,53.18200537579953,40.063643962160555,38.15877290798886,normal,5738.95,0.47711201010982496,0,2026-04-06 09:33:03,73.17555555555556,30.0,0,0.11927800252745624,0.11927800252745624,calm,0,2,0,balanced_tactical
2026-04-09 10:43:35,341d4e1a-7133-4182-a32a-11d9934759aa,SHARDAMOTR,SELL,1,819.75,59.8499755859375,30.0,0,2026-04-09,822.75,839.7000122070312,801.2000122070312,818.7999877929688,69362,853.6499975585938,790.3111643307001,22.797251686648053,53.18200537579953,40.063643962160555,38.15877290798886,normal,819.75,-0.4486574147549182,0,2026-04-06 09:33:03,73.17555555555556,31.0,0,0.11216435368872955,0.11216435368872955,calm,0,2,0,balanced_tactical
2026-04-09 10:43:35,341d4e1a-7133-4182-a32a-11d9934759aa,SHARDAMOTR,SELL,5,819.8,299.4998779296873,30.0,0,2026-04-09,822.75,839.7000122070312,801.2000122070312,818.7999877929688,69362,853.6499975585938,790.3111643307001,22.797251686648053,53.18200537579953,40.063643962160555,38.15877290798886,normal,4099.0,0.23389742856779275,0,2026-04-06 09:33:03,73.17555555555556,32.0,0,0.05847435714194819,0.05847435714194819,calm,0,2,0,balanced_tactical
2026-04-09 10:43:35,341d4e1a-7133-4182-a32a-11d9934759aa,SHARDAMOTR,SELL,4,819.95,240.19990234375018,30.0,0,2026-04-09,822.75,839.7000122070312,801.2000122070312,818.7999877929688,69362,853.6499975585938,790.3111643307001,22.797251686648053,53.18200537579953,40.063643962160555,38.15877290798886,normal,3279.8,0.034305299432812145,0,2026-04-06 09:33:03,73.17555555555556,33.0,0,0.008576324858203036,0.008576324858203036,calm,0,2,0,balanced_tactical
2026-04-16 11:29:40,341d4e1a-7133-4182-a32a-11d9934759aa,KRBL,SELL,29,346.25,611.9001770019531,30.0,0,2026-04-16,353.6000061035156,360.0,327.5,331.0,2019112,330.9060009765625,318.98061287136096,20.23226053766221,64.5866851071699,15.424066959875686,14.806226549227125,normal,10041.25,1.342565410735549,0,2026-04-06 09:33:03,241.94361111111112,1.0,0,0.33564135268388723,0.33564135268388723,anxious,2,0,1,balanced_tactical
2026-04-16 11:29:40,341d4e1a-7133-4182-a32a-11d9934759aa,KRBL,SELL,30,346.2,631.5001831054684,30.0,0,2026-04-16,353.6000061035156,360.0,327.5,331.0,2019112,330.9060009765625,318.98061287136096,20.23226053766221,64.5866851071699,15.424066959875686,14.806226549227125,normal,10386.0,1.2685437292022697,0,2026-04-06 09:33:03,241.94361111111112,2.0,0,0.3171359323005674,0.3171359323005674,calm,2,0,0,balanced_tactical
2026-04-16 11:29:40,341d4e1a-7133-4182-a32a-11d9934759aa,KRBL,SELL,3,346.25,63.300018310546875,30.0,0,2026-04-16,353.6000061035156,360.0,327.5,331.0,2019112,330.9060009765625,318.98061287136096,20.23226053766221,64.5866851071699,15.424066959875686,14.806226549227125,normal,1038.75,-0.5777289278886917,0,2026-04-06 09:33:03,241.94361111111112,3.0,0,0.14443223197217292,0.14443223197217292,calm,2,2,0,balanced_tactical
2026-04-16 11:29:53,341d4e1a-7133-4182-a32a-11d9934759aa,SANDHAR,SELL,1,501.7,17.300006103515614,30.0,0,2026-04-16,504.0,507.3999938964844,495.0,503.0,69203,495.5050018310547,482.4909053271873,22.905578398810054,58.37335596442835,20.157927573735446,19.774002813372867,normal,501.7,-0.6682565453788766,0,2026-04-06 09:33:03,241.94722222222222,4.0,0,0.16706413634471914,0.16706413634471914,calm,2,2,0,balanced_tactical
2026-04-16 11:29:53,341d4e1a-7133-4182-a32a-11d9934759aa,SANDHAR,SELL,3,501.7,51.90001831054684,30.0,0,2026-04-16,504.0,507.3999938964844,495.0,503.0,69203,495.5050018310547,482.4909053271873,22.905578398810054,58.37335596442835,20.157927573735446,19.774002813372867,normal,1505.1,-0.4696172972628421,0,2026-04-06 09:33:03,241.94722222222222,5.0,0,0.11740432431571053,0.11740432431571052,calm,2,2,0,balanced_tactical
2026-04-16 11:29:53,341d4e1a-7133-4182-a32a-11d9934759aa,SANDHAR,SELL,2,501.7,34.60001220703123,30.0,0,2026-04-16,504.0,507.3999938964844,495.0,503.0,69203,495.5050018310547,482.4909053271873,22.905578398810054,58.37335596442835,20.157927573735446,19.774002813372867,normal,1003.4,-0.5561038240239079,0,2026-04-06 09:33:03,241.94722222222222,6.0,0,0.13902595600597698,0.13902595600597698,calm,2,2,0,balanced_tactical
2026-04-16 11:29:53,341d4e1a-7133-4182-a32a-11d9934759aa,SANDHAR,SELL,1,501.55,17.150006103515636,30.0,0,2026-04-16,504.0,507.3999938964844,495.0,503.0,69203,495.5050018310547,482.4909053271873,22.905578398810054,58.37335596442835,20.157927573735446,19.774002813372867,normal,501.55,-0.6325146456215893,0,2026-04-06 09:33:03,241.94722222222222,7.0,0,0.15812866140539733,0.15812866140539733,calm,2,2,0,balanced_tactical
2026-04-16 11:29:53,341d4e1a-7133-4182-a32a-11d9934759aa,SANDHAR,SELL,2,501.7,34.60001220703123,30.0,0,2026-04-16,504.0,507.3999938964844,495.0,503.0,69203,495.5050018310547,482.4909053271873,22.905578398810054,58.37335596442835,20.157927573735446,19.774002813372867,normal,1003.4,-0.5212757217084714,0,2026-04-06 09:33:03,241.94722222222222,8.0,0,0.13031893042711784,0.13031893042711784,calm,2,2,0,balanced_tactical
2026-04-16 11:29:53,341d4e1a-7133-4182-a32a-11d9934759aa,SANDHAR,SELL,10,501.55,171.50006103515636,30.0,0,2026-04-16,504.0,507.3999938964844,495.0,503.0,69203,495.5050018310547,482.4909053271873,22.905578398810054,58.37335596442835,20.157927573735446,19.774002813372867,normal,5015.5,0.2251964032983052,0,2026-04-06 09:33:03,241.94722222222222,9.0,0,0.0562991008245763,0.0562991008245763,calm,3,2,0,balanced_tactical
2026-04-16 11:29:53,341d4e1a-7133-4182-a32a-11d9934759aa,SANDHAR,SELL,20,501.6,344.00012207031295,30.0,0,2026-04-16,504.0,507.3999938964844,495.0,503.0,69203,495.5050018310547,482.4909053271873,22.905578398810054,58.37335596442835,20.157927573735446,19.774002813372867,normal,10032.0,1.0782128680940137,0,2026-04-06 09:33:03,241.94722222222222,10.0,0,0.26955321702350343,0.26955321702350343,calm,2,0,0,balanced_tactical
2026-04-23 09:44:19,341d4e1a-7133-4182-a32a-11d9934759aa,ATLANTAELE,SELL,16,1517.7,2251.2000000000007,30.0,0,2026-04-23,1617.199951171875,1617.199951171875,1485.0999755859375,1495.0,535545,1078.2409973144531,1301.6627965259208,60.12888346868526,85.35044820644883,76.6593053821533,69.932793112255,trending_bullish,24283.2,2.7430638849375324,0,2026-04-06 09:33:03,408.1877777777778,11.0,0,0.5,0.5,anxious,1,1,1,reactive_emotional
2026-04-23 09:44:19,341d4e1a-7133-4182-a32a-11d9934759aa,ATLANTAELE,SELL,50,1518.0,7050.0,30.0,0,2026-04-23,1617.199951171875,1617.199951171875,1485.0999755859375,1495.0,535545,1078.2409973144531,1301.6627965259208,60.12888346868526,85.35044820644883,76.6593053821533,69.932793112255,trending_bullish,75900.0,3.8983974167287867,0,2026-04-06 09:33:03,408.1877777777778,12.0,0,0.5,0.5,anxious,1,1,1,reactive_emotional
2026-05-07 10:06:57,341d4e1a-7133-4182-a32a-11d9934759aa,TATACAP,SELL,12,328.15,40.20014648437473,30.0,0,2026-05-07,325.79998779296875,331.20001220703125,325.1000061035156,328.5,1176028,324.8129998779297,328.5932681786028,14.477604020262723,47.65339815753007,7.874010108609729,8.747929203572271,normal,3937.7999999999997,-0.2574236367600477,0,2026-04-06 09:33:03,744.565,1.0,0,0.06435590919001193,0.06435590919001193,calm,3,2,0,balanced_tactical
2026-05-07 10:06:57,341d4e1a-7133-4182-a32a-11d9934759aa,TATACAP,SELL,19,328.15,63.65023193359332,30.0,0,2026-05-07,325.79998779296875,331.20001220703125,325.1000061035156,328.5,1176028,324.8129998779297,328.5932681786028,14.477604020262723,47.65339815753007,7.874010108609729,8.747929203572271,normal,6234.849999999999,-0.13032858073676307,0,2026-04-06 09:33:03,744.565,2.0,0,0.03258214518419077,0.03258214518419077,calm,3,2,0,balanced_tactical
2026-05-07 10:06:57,341d4e1a-7133-4182-a32a-11d9934759aa,TATACAP,SELL,1,328.15,3.3500122070312273,30.0,0,2026-05-07,325.79998779296875,331.20001220703125,325.1000061035156,328.5,1176028,324.8129998779297,328.5932681786028,14.477604020262723,47.65339815753007,7.874010108609729,8.747929203572271,normal,328.15,-0.47625649606900244,0,2026-04-06 09:33:03,744.565,3.0,0,0.11906412401725061,0.11906412401725061,calm,3,2,0,balanced_tactical
2026-05-07 10:06:57,341d4e1a-7133-4182-a32a-11d9934759aa,TATACAP,SELL,1,328.15,3.3500122070312273,30.0,0,2026-05-07,325.79998779296875,331.20001220703125,325.1000061035156,328.5,1176028,324.8129998779297,328.5932681786028,14.477604020262723,47.65339815753007,7.874010108609729,8.747929203572271,normal,328.15,-0.47153131708400237,0,2026-04-06 09:33:03,744.565,4.0,0,0.11788282927100059,0.11788282927100059,calm,3,2,0,balanced_tactical
2026-05-07 10:06:57,341d4e1a-7133-4182-a32a-11d9934759aa,TATACAP,SELL,12,328.15,40.20014648437473,30.0,0,2026-05-07,325.79998779296875,331.20001220703125,325.1000061035156,328.5,1176028,324.8129998779297,328.5932681786028,14.477604020262723,47.65339815753007,7.874010108609729,8.747929203572271,normal,3937.7999999999997,-0.2523796927696261,0,2026-04-06 09:33:03,744.565,5.0,0,0.06309492319240652,0.06309492319240652,calm,3,2,0,balanced_tactical
2026-05-07 10:06:57,341d4e1a-7133-4182-a32a-11d9934759aa,TATACAP,SELL,12,328.15,40.20014648437473,30.0,0,2026-05-07,325.79998779296875,331.20001220703125,325.1000061035156,328.5,1176028,324.8129998779297,328.5932681786028,14.477604020262723,47.65339815753007,7.874010108609729,8.747929203572271,normal,3937.7999999999997,-0.26248219490139496,0,2026-04-06 09:33:03,744.565,6.0,0,0.06562054872534874,0.06562054872534874,calm,3,2,0,balanced_tactical
2026-05-07 10:06:57,341d4e1a-7133-4182-a32a-11d9934759aa,TATACAP,SELL,12,328.15,40.20014648437473,30.0,0,2026-05-07,325.79998779296875,331.20001220703125,325.1000061035156,328.5,1176028,324.8129998779297,328.5932681786028,14.477604020262723,47.65339815753007,7.874010108609729,8.747929203572271,normal,3937.7999999999997,-0.26197037630899717,0,2026-04-06 09:33:03,744.565,7.0,0,0.06549259407724929,0.06549259407724929,calm,3,2,0,balanced_tactical
2026-05-07 10:06:57,341d4e1a-7133-4182-a32a-11d9934759aa,TATACAP,SELL,9,328.15,30.150109863281045,30.0,0,2026-05-07,325.79998779296875,331.20001220703125,325.1000061035156,328.5,1176028,324.8129998779297,328.5932681786028,14.477604020262723,47.65339815753007,7.874010108609729,8.747929203572271,normal,2953.35,-0.3192640624791663,0,2026-04-06 09:33:03,744.565,8.0,0,0.07981601561979157,0.07981601561979157,calm,3,2,0,balanced_tactical
2026-05-07 10:06:57,341d4e1a-7133-4182-a32a-11d9934759aa,TATACAP,SELL,9,328.15,30.150109863281045,30.0,0,2026-05-07,325.79998779296875,331.20001220703125,325.1000061035156,328.5,1176028,324.8129998779297,328.5932681786028,14.477604020262723,47.65339815753007,7.874010108609729,8.747929203572271,normal,2953.35,-0.2976118064976926,0,2026-04-06 09:33:03,744.565,9.0,0,0.07440295162442315,0.07440295162442315,calm,3,2,0,balanced_tactical
2026-05-07 10:06:57,341d4e1a-7133-4182-a32a-11d9934759aa,TATACAP,SELL,9,328.15,30.150109863281045,30.0,0,2026-05-07,325.79998779296875,331.20001220703125,325.1000061035156,328.5,1176028,324.8129998779297,328.5932681786028,14.477604020262723,47.65339815753007,7.874010108609729,8.747929203572271,normal,2953.35,-0.2752094957666603,0,2026-04-06 09:33:03,744.565,10.0,0,0.06880237394166508,0.06880237394166508,calm,3,2,0,balanced_tactical
2026-05-07 10:06:57,341d4e1a-7133-4182-a32a-11d9934759aa,TATACAP,SELL,9,328.15,30.150109863281045,30.0,0,2026-05-07,325.79998779296875,331.20001220703125,325.1000061035156,328.5,1176028,324.8129998779297,328.5932681786028,14.477604020262723,47.65339815753007,7.874010108609729,8.747929203572271,normal,2953.35,-0.28142264542945383,0,2026-04-06 09:33:03,744.565,11.0,0,0.07035566135736346,0.07035566135736346,calm,3,2,0,balanced_tactical
2026-05-07 10:06:57,341d4e1a-7133-4182-a32a-11d9934759aa,TATACAP,SELL,9,328.15,30.150109863281045,30.0,0,2026-05-07,325.79998779296875,331.20001220703125,325.1000061035156,328.5,1176028,324.8129998779297,328.5932681786028,14.477604020262723,47.65339815753007,7.874010108609729,8.747929203572271,normal,2953.35,-0.289466245268076,0,2026-04-06 09:33:03,744.565,12.0,0,0.072366561317019,0.072366561317019,calm,3,2,0,balanced_tactical
2026-05-07 10:06:57,341d4e1a-7133-4182-a32a-11d9934759aa,TATACAP,SELL,4,328.15,13.400048828124909,30.0,0,2026-05-07,325.79998779296875,331.20001220703125,325.1000061035156,328.5,1176028,324.8129998779297,328.5932681786028,14.477604020262723,47.65339815753007,7.874010108609729,8.747929203572271,normal,1312.6,-0.38614470682725827,0,2026-04-06 09:33:03,744.565,13.0,0,0.09653617670681457,0.09653617670681457,calm,3,2,0,balanced_tactical
2026-05-07 10:06:57,341d4e1a-7133-4182-a32a-11d9934759aa,TATACAP,SELL,285,328.1,940.5034790039127,30.0,0,2026-05-07,325.79998779296875,331.20001220703125,325.1000061035156,328.5,1176028,324.8129998779297,328.5932681786028,14.477604020262723,47.65339815753007,7.874010108609729,8.747929203572271,normal,93508.5,3.189969577359125,0,2026-04-06 09:33:03,744.565,14.0,0,0.5,0.5,anxious,1,1,1,reactive_emotional
2026-05-07 14:47:56,341d4e1a-7133-4182-a32a-11d9934759aa,EVERESTIND,SELL,1,415.05,24.949993896484386,30.0,0,2026-05-07,414.54998779296875,421.95001220703125,401.0,415.0,36026,369.0039984130859,387.3074386648458,22.541538108042204,61.10132159340396,24.061441103518284,24.348674205356737,normal,415.05,-0.4733350588072928,0,2026-04-06 09:33:03,749.2480555555555,15.0,0,0.1183337647018232,0.11833376470182322,calm,3,2,0,balanced_tactical
2026-05-07 14:47:56,341d4e1a-7133-4182-a32a-11d9934759aa,EVERESTIND,SELL,12,415.1,299.9999267578128,30.0,0,2026-05-07,414.54998779296875,421.95001220703125,401.0,415.0,36026,369.0039984130859,387.3074386648458,22.541538108042204,61.10132159340396,24.061441103518284,24.348674205356737,normal,4981.200000000001,-0.3024222212856279,0,2026-04-06 09:33:03,749.2480555555555,16.0,0,0.07560555532140698,0.07560555532140698,calm,3,2,0,balanced_tactical
2026-05-07 14:47:56,341d4e1a-7133-4182-a32a-11d9934759aa,EVERESTIND,SELL,27,415.0,672.2998352050781,30.0,0,2026-05-07,414.54998779296875,421.95001220703125,401.0,415.0,36026,369.0039984130859,387.3074386648458,22.541538108042204,61.10132159340396,24.061441103518284,24.348674205356737,normal,11205.0,-0.06913567564559267,0,2026-04-06 09:33:03,749.2480555555555,17.0,0,0.017283918911398168,0.017283918911398168,calm,3,2,1,balanced_tactical
2026-05-07 14:47:56,341d4e1a-7133-4182-a32a-11d9934759aa,EVERESTIND,SELL,7,415.05,174.6499572753907,30.0,0,2026-05-07,414.54998779296875,421.95001220703125,401.0,415.0,36026,369.0039984130859,387.3074386648458,22.541538108042204,61.10132159340396,24.061441103518284,24.348674205356737,normal,2905.35,-0.3820124181989794,0,2026-04-06 09:33:03,749.2480555555555,18.0,0,0.09550310454974485,0.09550310454974485,calm,3,2,0,balanced_tactical
2026-05-07 14:48:13,341d4e1a-7133-4182-a32a-11d9934759aa,LGEINDIA,SELL,12,1541.15,-179.3997070312489,30.0,0,2026-05-07,1542.5999755859375,1576.300048828125,1537.0999755859375,1569.9000244140625,713174,1538.8799975585937,1559.6165720200258,22.342971105385896,48.46827550592988,51.52287916501554,60.276892016313866,normal,18493.800000000003,0.24494542946437814,1,2026-04-06 09:33:03,749.2527777777777,19.0,0,0.061236357366094535,0.061236357366094535,calm,3,2,1,balanced_tactical
2026-05-07 14:48:13,341d4e1a-7133-4182-a32a-11d9934759aa,LGEINDIA,SELL,2,1541.1,-29.999951171875182,30.0,0,2026-05-07,1542.5999755859375,1576.300048828125,1537.0999755859375,1569.9000244140625,713174,1538.8799975585937,1559.6165720200258,22.342971105385896,48.46827550592988,51.52287916501554,60.276892016313866,normal,3082.2,-0.27383868866998967,1,2026-05-07 14:48:13,0.0,20.0,0,0.5684596721674974,0.2684596721674974,calm,0,2,0,balanced_tactical
2026-05-07 14:48:13,341d4e1a-7133-4182-a32a-11d9934759aa,LGEINDIA,SELL,3,1541.3,-44.399926757812636,30.0,0,2026-05-07,1542.5999755859375,1576.300048828125,1537.0999755859375,1569.9000244140625,713174,1538.8799975585937,1559.6165720200258,22.342971105385896,48.46827550592988,51.52287916501554,60.276892016313866,normal,4623.9,-0.1999852844477938,1,2026-05-07 14:48:13,0.0,21.0,0,0.5499963211119484,0.24999632111194844,calm,0,2,0,balanced_tactical
2026-05-07 14:48:13,341d4e1a-7133-4182-a32a-11d9934759aa,LGEINDIA,SELL,8,1541.05,-120.39980468750036,30.0,0,2026-05-07,1542.5999755859375,1576.300048828125,1537.0999755859375,1569.9000244140625,713174,1538.8799975585937,1559.6165720200258,22.342971105385896,48.46827550592988,51.52287916501554,60.276892016313866,normal,12328.4,0.1630223344852804,1,2026-05-07 14:48:13,0.0,22.0,0,0.5407555836213201,0.2407555836213201,calm,0,2,0,balanced_tactical
2026-05-07 14:48:20,341d4e1a-7133-4182-a32a-11d9934759aa,PENIND,SELL,29,171.76,94.25015930175755,30.0,0,2026-05-07,171.1999969482422,174.08999633789062,167.35000610351562,172.60000610351562,557712,153.6793991088867,166.24658376324265,14.490632659118521,58.92360325172363,7.022386204359412,7.4927749190845105,normal,4981.04,-0.2095562850524741,0,2026-05-07 14:48:13,0.0019444444444444444,23.0,0,0.5523485620038593,0.25237286755941485,calm,0,2,0,balanced_tactical
2026-05-07 14:48:20,341d4e1a-7133-4182-a32a-11d9934759aa,PENIND,SELL,10,171.78,32.700054931640636,30.0,0,2026-05-07,171.1999969482422,174.08999633789062,167.35000610351562,172.60000610351562,557712,153.6793991088867,166.24658376324265,14.490632659118521,58.92360325172363,7.022386204359412,7.4927749190845105,normal,1717.8,-0.3741912893899029,0,2026-05-07 14:48:13,0.0019444444444444444,24.0,0,0.5935073130882165,0.29353161864377203,calm,0,2,0,balanced_tactical
2026-05-07 14:48:20,341d4e1a-7133-4182-a32a-11d9934759aa,PENIND,SELL,34,171.78,111.18018676757816,30.0,0,2026-05-07,171.1999969482422,174.08999633789062,167.35000610351562,172.60000610351562,557712,153.6793991088867,166.24658376324265,14.490632659118521,58.92360325172363,7.022386204359412,7.4927749190845105,normal,5840.52,-0.17579285003529072,0,2026-05-07 14:48:13,0.0019444444444444444,25.0,0,0.5439077032495634,0.24393200880511898,calm,0,2,0,balanced_tactical
2026-05-07 14:48:20,341d4e1a-7133-4182-a32a-11d9934759aa,PENIND,SELL,8,171.77,26.080043945312582,30.0,0,2026-05-07,171.1999969482422,174.08999633789062,167.35000610351562,172.60000610351562,557712,153.6793991088867,166.24658376324265,14.490632659118521,58.92360325172363,7.022386204359412,7.4927749190845105,normal,1374.16,-0.38907626449269234,0,2026-05-07 14:48:13,0.0019444444444444444,26.0,0,0.5972285568639139,0.2972528624194694,calm,0,2,0,balanced_tactical
2026-05-07 14:48:20,341d4e1a-7133-4182-a32a-11d9934759aa,PENIND,SELL,43,171.74,138.89023620605508,30.0,0,2026-05-07,171.1999969482422,174.08999633789062,167.35000610351562,172.60000610351562,557712,153.6793991088867,166.24658376324265,14.490632659118521,58.92360325172363,7.022386204359412,7.4927749190845105,normal,7384.820000000001,-0.10168765314405258,0,2026-05-07 14:48:13,0.0019444444444444444,27.0,0,0.5253814040267539,0.2254057095823095,calm,0,2,0,balanced_tactical
2026-05-08 09:44:26,341d4e1a-7133-4182-a32a-11d9934759aa,ZAGGLE,SELL,27,254.1,-22.680065917968903,30.0,0,2026-05-08,259.1099853515625,261.8999938964844,251.66000366210938,255.8000030517578,937618,233.54980041503907,249.22776003817967,15.382614167679225,57.12198082408955,11.6101170212168,12.896679176054494,normal,6860.7,-0.13750187219627716,1,2026-05-07 14:48:13,18.936944444444446,28.0,0,0.13985579212314334,0.07656759767869892,calm,0,2,0,balanced_tactical
2026-05-08 09:44:26,341d4e1a-7133-4182-a32a-11d9934759aa,ZAGGLE,SELL,35,254.1,-29.40008544921895,30.0,0,2026-05-08,259.1099853515625,261.8999938964844,251.66000366210938,255.8000030517578,937618,233.54980041503907,249.22776003817967,15.382614167679225,57.12198082408955,11.6101170212168,12.896679176054494,normal,8893.5,-0.051823351115928715,1,2026-05-08 09:44:26,0.0,29.0,0,0.5129558377789821,0.21295583777898217,calm,0,2,0,balanced_tactical
2026-05-08 09:44:26,341d4e1a-7133-4182-a32a-11d9934759aa,ZAGGLE,SELL,88,254.1,-73.9202148437505,30.0,0,2026-05-08,259.1099853515625,261.8999938964844,251.66000366210938,255.8000030517578,937618,233.54980041503907,249.22776003817967,15.382614167679225,57.12198082408955,11.6101170212168,12.896679176054494,normal,22360.8,0.5648021574285604,1,2026-05-08 09:44:26,0.0,30.0,0,0.64120053935714,0.34120053935714006,anxious,0,0,0,balanced_tactical
2026-05-08 11:01:36,341d4e1a-7133-4182-a32a-11d9934759aa,SONATSOFTW,SELL,110,293.4,2596.0013427734348,30.0,0,2026-05-08,297.1499938964844,307.8999938964844,274.70001220703125,275.0,29635371,251.57539947509767,263.08182497670026,28.38411284831042,70.6861522958017,11.66157761781391,11.249905340518518,trending_bullish,32273.999999999996,0.9601225818907134,0,2026-05-08 09:44:26,1.2861111111111112,31.0,0,0.7132366639911969,0.42931305288008575,anxious,1,1,1,reactive_emotional
